operatingunit,psnu,fundingagency,mech_name,indicator,fiscal_year,targets,qtr1,qtr2,qtr3,qtr4,cumulative
Saturn,Thea,HHS/CDC,Azlh,HTS_TST_POS,2018,1550,,,,,
Saturn,Thea,HHS/CDC,Okul,HTS_TST_POS,2020,950,230,,,,230
Saturn,Thea,HHS/CDC,Alkurh,TX_CURR,2020,2050,2050,,,,2050
Saturn,Thea,USAID,S,HTS_TST,2020,27790,5040,,,,5040
Saturn,Thea,USAID,Alrm,HTS_TST,2020,,40,,,,40
Saturn,Mimas,HHS/CDC,Bsh,TX_NEW,2018,,190,230,200,160,770
Saturn,Mimas,HHS/CDC,Bsh,TX_NEW,2019,900,,,,,
Saturn,Mimas,HHS/CDC,M,TX_CURR,2018,,6500,6570,6630,6640,6640
Saturn,Mimas,HHS/CDC,M,TX_CURR,2019,7830,,,,,
Saturn,Mimas,HHS/CDC,Alkurh,TX_CURR,2018,,970,990,1070,1010,1010
Saturn,Mimas,HHS/CDC,Alkurh,TX_NEW,2018,270,,,,,
Saturn,Mimas,HHS/CDC,Alkurh,TX_NEW,2019,,30,50,40,70,170
Saturn,Mimas,HHS/CDC,Alkurh,HTS_TST,2020,7470,1710,,,,1710
Saturn,Mimas,HHS/CDC,Alkurh,TX_CURR,2020,1320,1070,,,,1070
Saturn,Mimas,HHS/CDC,HusII,HTS_TST,2020,,1500,,,,1500
Saturn,Mimas,HHS/CDC,Ssr,TX_CURR,2018,,2320,2370,2390,2460,2460
Saturn,Dione,HHS/CDC,RjllAww,TX_NEW,2019,40,,,,,
Saturn,Thea,HHS/CDC,Hus,HTS_TST_POS,2018,340,30,40,60,40,160
Saturn,Thea,DOD,Ksr,HTS_TST_POS,2019,980,130,170,210,220,730
Saturn,Thea,DOD,Ksr,HTS_TST_POS,2020,10,,,,,
Saturn,Thea,HHS/CDC,Mkr,HTS_TST,2020,94290,23030,,,,23030
Saturn,Mimas,HHS/CDC,Bsh,TX_CURR,2019,7410,,,,,
Saturn,Mimas,USAID,R,TX_CURR,2018,,23240,23620,24220,24640,24640
Saturn,Mimas,USAID,R,TX_CURR,2019,27790,,,,,
Saturn,Mimas,HHS/CDC,M,HTS_TST,2020,103010,39060,,,,39060
Saturn,Dione,HHS/CDC,Zub-l-Akrb,HTS_TST_POS,2018,16040,1140,1510,1680,1420,5730
Saturn,Dione,HHS/CDC,Zub-l-Akrb,HTS_TST_POS,2019,6430,1360,1650,1880,1610,6480
Saturn,Dione,HHS/CDC,RjllAww,TX_NEW,2018,,10,10,10,10,20
Saturn,Thea,HHS/CDC,Alkurh,TX_NEW,2018,340,,,,,
Saturn,Thea,DOD,Ksr,HTS_TST,2019,25710,6150,8860,9990,7960,32960
Saturn,Thea,DOD,Ksr,TX_CURR,2019,,5850,5880,6050,6210,6210
Saturn,Thea,DOD,Ksr,HTS_TST_POS,2020,720,170,,,,170
Saturn,Thea,USAID,AsllusSuus,HTS_TST,2020,4790,410,,,,410
Saturn,Thea,HHS/CDC,Mkr,HTS_TST_POS,2018,12010,760,820,1010,1450,4030
Saturn,Thea,HHS/CDC,Mkr,HTS_TST_POS,2019,3280,820,880,820,940,3440
Saturn,Mimas,HHS/CDC,Bsh,TX_NEW,2018,1420,,,,,
Saturn,Mimas,HHS/CDC,Bsh,TX_NEW,2019,,140,170,220,190,720
Saturn,Mimas,HHS/CDC,Askll,HTS_TST,2020,17100,3130,,,,3130
Saturn,Mimas,HHS/CDC,M,TX_CURR,2019,,6370,6630,6920,7080,7080
Saturn,Mimas,HHS/CDC,Bsh,HTS_TST,2020,43000,8210,,,,8210
Saturn,Mimas,HHS/CDC,Bsh,TX_CURR,2020,20680,16470,,,,16470
Saturn,Mimas,HHS/CDC,Hus,HTS_TST,2018,13600,2280,4960,2400,2370,11990
Saturn,Mimas,HHS/CDC,Hus,HTS_TST,2019,9180,2190,2110,1050,,5340
Saturn,Mimas,USAID,AlMlrlAs,HTS_TST,2020,,1440,,,,1440
Saturn,Mimas,HHS/CDC,Alkurh,HTS_TST,2018,11600,2190,4500,1820,2200,10690
Saturn,Mimas,HHS/CDC,Alkurh,HTS_TST,2019,8700,2300,2810,2330,3260,10680
Saturn,Mimas,HHS/CDC,Ssr,HTS_TST,2018,19390,11240,14900,8310,6140,40580
Saturn,Mimas,HHS/CDC,Ssr,HTS_TST,2019,48820,7560,12450,12620,11780,44390
Saturn,Dione,HHS/CDC,Zub-l-Akrb,TX_NEW,2020,4160,1490,,,,1490
Saturn,Dione,USAID,S,TX_NEW,2019,1210,,,,,
Saturn,Thea,HHS/CDC,Alkurh,TX_NEW,2019,,20,20,20,50,100
Saturn,Thea,USAID,Alrm,HTS_TST,2019,260,400,260,260,300,1200
Saturn,Thea,USAID,Alrm,TX_CURR,2018,,90,90,100,150,150
Saturn,Thea,USAID,Alrm,TX_CURR,2019,140,,,,,
Saturn,Mimas,HHS/CDC,M,TX_CURR,2018,8120,,,,,
Saturn,Mimas,HHS/CDC,Alkurh,TX_CURR,2019,1240,,,,,
Saturn,Mimas,USAID,R,TX_CURR,2018,24980,,,,,
Saturn,Mimas,USAID,R,TX_CURR,2019,,22310,23090,23500,24370,24370
Saturn,Mimas,HHS/CDC,Ssr,TX_CURR,2019,2680,,,,,
Saturn,Mimas,HHS/CDC,M,TX_CURR,2020,20180,16590,,,,16590
Saturn,Mimas,HHS/CDC,M,TX_NEW,2018,,580,750,730,680,2730
Saturn,Mimas,HHS/CDC,M,TX_NEW,2019,2740,,,,,
Saturn,Dione,HHS/CDC,Alkurh,HTS_TST,2018,1590,250,330,130,310,1000
Saturn,Dione,HHS/CDC,Alkurh,HTS_TST,2019,1160,330,350,230,300,1200
Saturn,Thea,Dedup,Dedup,HTS_TST,2019,,-2860,-1750,-190,,-4820
Saturn,Thea,HHS/CDC,Alkurh,TX_NEW,2020,100,20,,,,20
Saturn,Thea,DOD,Ksr,TX_CURR,2019,6900,,,,,
Saturn,Thea,DOD,Ksr,TX_NEW,2019,,110,150,190,160,590
Saturn,Thea,HHS/CDC,Azlh,TX_CURR,2018,10030,,,,,
Saturn,Thea,USAID,S,TX_CURR,2019,4970,,,,,
Saturn,Mimas,HHS/CDC,Bsh,HTS_TST,2018,40240,8390,11000,8920,7830,36130
Saturn,Mimas,HHS/CDC,Bsh,HTS_TST,2019,22860,6300,6290,5890,5560,24020
Saturn,Mimas,HHS/CDC,Bsh,TX_CURR,2018,8000,,,,,
Saturn,Mimas,HHS/CDC,Bsh,TX_CURR,2019,,6220,6030,6190,6360,6360
Saturn,Mimas,HHS/CDC,Askll,TX_NEW,2019,600,,,,,
Saturn,Mimas,HHS/CDC,Bsh,TX_NEW,2019,2310,,,,,
Saturn,Mimas,USAID,RjllAww,HTS_TST,2020,1770,,,,,
Saturn,Mimas,HHS/CDC,HusII,HTS_TST_POS,2020,,10,,,,10
Saturn,Dione,USAID,S,TX_NEW,2019,,180,250,210,180,810
Saturn,Dione,USAID,S,TX_CURR,2018,,8220,8300,8420,8540,8540
Saturn,Dione,USAID,Alrm,HTS_TST_POS,2018,60,10,10,10,10,20
Saturn,Dione,USAID,Alrm,HTS_TST_POS,2019,20,10,,10,10,20
Saturn,Thea,Dedup,Dedup,HTS_TST,2018,-4070,-750,,,,-750
Saturn,Thea,HHS/CDC,Okul,TX_CURR,2020,13740,11470,,,,11470
Saturn,Thea,HHS/CDC,Alkurh,HTS_TST_POS,2019,380,60,80,100,170,390
Saturn,Thea,USAID,AsllusSuus,TX_NEW,2018,,60,60,50,50,210
Saturn,Thea,USAID,AsllusSuus,TX_NEW,2019,230,,,,,
Saturn,Thea,HHS/CDC,Azlh,HTS_TST_POS,2020,760,120,,,,120
Saturn,Thea,HHS/CDC,Mkr,TX_CURR,2018,40550,,,,,
Saturn,Mimas,HHS/CDC,Askll,TX_NEW,2018,,100,130,90,120,430
Saturn,Mimas,HHS/CDC,M,HTS_TST,2018,13260,5720,6690,4950,3170,20520
Saturn,Mimas,HHS/CDC,M,HTS_TST,2019,13350,2990,3840,2490,3560,12860
Saturn,Mimas,HHS/CDC,Bsh,TX_NEW,2018,,330,380,290,260,1240
Saturn,Mimas,USAID,RjllAww,HTS_TST_POS,2019,80,30,30,40,70,160
Saturn,Mimas,USAID,Alrm,HTS_TST_POS,2020,560,90,,,,90
Saturn,Dione,HHS/CDC,Alkurh,TX_NEW,2020,10,10,,,,10
Saturn,Dione,HHS/CDC,RjllAww,HTS_TST,2018,58090,17490,24670,11190,10230,63570
Saturn,Dione,HHS/CDC,RjllAww,HTS_TST,2019,10920,12300,16920,13980,13770,56960
Saturn,Dione,HHS/CDC,RjllAww,TX_CURR,2018,20,,,,,
Saturn,Thea,HHS/CDC,Azlh,TX_NEW,2018,,70,100,120,170,450
Saturn,Thea,HHS/CDC,Azlh,TX_NEW,2019,290,,,,,
Saturn,Thea,Dedup,Dedup,TX_CURR,2018,-2690,,,,,
Saturn,Thea,HHS/CDC,Alkurh,TX_CURR,2020,1000,870,,,,870
Saturn,Thea,DOD,Ds,TX_NEW,2018,,10,,,,10
Saturn,Thea,HHS/CDC,Alkurh,HTS_TST_POS,2018,520,90,160,120,60,420
Saturn,Thea,HHS/CDC,Alkurh,TX_NEW,2020,420,120,,,,120
Saturn,Thea,HHS/CDC,Mkr,TX_CURR,2019,,28240,28400,28370,29400,29400
Saturn,Mimas,USAID,AlMlrlAs,HTS_TST_POS,2020,,160,,,,160
Saturn,Mimas,HHS/CDC,Alkurh,TX_CURR,2018,1160,,,,,
Saturn,Mimas,HHS/CDC,Alkurh,TX_CURR,2019,,1000,1000,1030,1090,1090
Saturn,Mimas,HHS/CDC,Ssr,HTS_TST_POS,2018,650,180,200,140,100,600
Saturn,Mimas,HHS/CDC,M,HTS_TST_POS,2018,5090,690,860,850,820,3210
Saturn,Mimas,HHS/CDC,M,HTS_TST_POS,2019,2650,710,860,850,990,3400
Saturn,Dione,Dedup,Dedup,HTS_TST,2019,,-20,,,,-20
Saturn,Dione,HHS/CDC,Zub-l-Akrb,TX_CURR,2020,58370,53680,,,,53680
Saturn,Dione,HHS/CDC,RjllAww,TX_CURR,2019,,50,60,60,60,60
Saturn,Thea,HHS/CDC,Hus,TX_CURR,2018,160,,,,,
Saturn,Thea,HHS/CDC,Hus,TX_CURR,2019,,320,350,370,360,360
Saturn,Thea,HHS/CDC,Okul,HTS_TST,2020,23500,6730,,,,6730
Saturn,Thea,USAID,S,HTS_TST,2020,1340,,,,,
Saturn,Thea,USAID,S,TX_NEW,2019,,200,180,210,190,770
Saturn,Thea,USAID,Alrm,HTS_TST_POS,2018,40,10,10,10,10,30
Saturn,Thea,USAID,Alrm,HTS_TST_POS,2019,10,20,10,10,10,30
Saturn,Thea,HHS/CDC,Mkr,HTS_TST,2018,330860,84660,91240,90650,89780,356320
Saturn,Thea,HHS/CDC,Mkr,HTS_TST,2019,202460,62640,52420,37570,33540,186160
Saturn,Mimas,HHS/CDC,Bsh,HTS_TST_POS,2018,3960,320,360,280,260,1210
Saturn,Mimas,HHS/CDC,Bsh,HTS_TST_POS,2019,1720,220,260,310,630,1400
Saturn,Mimas,USAID,R,TX_NEW,2018,6360,,,,,
Saturn,Mimas,USAID,R,TX_NEW,2019,,870,990,1050,1190,4080
Saturn,Mimas,HHS/CDC,Ssr,HTS_TST_POS,2019,1790,90,120,290,620,1100
Saturn,Dione,HHS/CDC,Zub-l-Akrb,TX_CURR,2018,,39230,39930,40680,41290,41290
Saturn,Dione,HHS/CDC,Zub-l-Akrb,TX_CURR,2019,45460,,,,,
Saturn,Dione,HHS/CDC,Zub-l-Akrb,TX_NEW,2019,,1040,1300,1420,1300,5050
Saturn,Thea,HHS/CDC,Hus,TX_CURR,2019,280,,,,,
Saturn,Mimas,HHS/CDC,Bsh,TX_NEW,2020,1230,170,,,,170
Saturn,Mimas,HHS/CDC,Askll,TX_CURR,2018,5530,,,,,
Saturn,Mimas,HHS/CDC,Askll,TX_CURR,2019,,4620,4730,4890,5010,5010
Saturn,Mimas,HHS/CDC,Bsh,TX_CURR,2018,17700,,,,,
Saturn,Mimas,HHS/CDC,Bsh,TX_CURR,2019,,15420,15310,15700,16250,16250
Saturn,Mimas,HHS/CDC,Hus,TX_NEW,2019,,30,40,20,,80
Saturn,Mimas,USAID,RjllAww,TX_CURR,2020,890,,,,,
Saturn,Mimas,HHS/CDC,M,TX_CURR,2018,,13780,14270,14730,15020,15020
Saturn,Mimas,HHS/CDC,M,TX_CURR,2019,16370,,,,,
Saturn,Dione,HHS/CDC,Zub-l-Akrb,HTS_TST,2020,7840,,,,,
Saturn,Dione,HHS/CDC,Zub-l-Akrb,TX_NEW,2018,14650,,,,,
Saturn,Dione,HHS/CDC,Azlh,TX_NEW,2018,4870,,,,,
Saturn,Dione,USAID,S,HTS_TST,2018,315920,18520,23300,26480,29910,98190
Saturn,Thea,HHS/CDC,Hus,TX_CURR,2018,,250,250,270,300,300
Saturn,Mimas,HHS/CDC,M,TX_CURR,2020,8630,7140,,,,7140
Saturn,Mimas,HHS/CDC,Hus,TX_NEW,2018,,30,30,40,30,110
Saturn,Mimas,USAID,R,HTS_TST,2019,,530,,,,530
Saturn,Mimas,USAID,R,TX_CURR,2020,31120,24950,,,,24950
Saturn,Mimas,USAID,Alrm,HTS_TST,2020,16770,3470,,,,3470
Saturn,Dione,HHS/CDC,Zub-l-Akrb,TX_NEW,2019,6380,,,,,
Saturn,Thea,DOD,Bsh,TX_CURR,2018,7040,,,,,
Saturn,Thea,DOD,Ksr,TX_NEW,2020,640,140,,,,140
Saturn,Thea,HHS/CDC,Okul,HTS_TST_POS,2018,,290,270,260,270,1070
Saturn,Thea,HHS/CDC,Okul,HTS_TST_POS,2019,1500,210,290,290,410,1180
Saturn,Thea,HHS/CDC,Alkurh,HTS_TST,2018,78670,3980,15680,4680,3180,27510
Saturn,Thea,HHS/CDC,Alkurh,HTS_TST,2019,22780,4260,4880,4400,2030,15550
Saturn,Thea,HHS/CDC,Alkurh,TX_CURR,2018,2460,,,,,
Saturn,Thea,HHS/CDC,Alkurh,TX_CURR,2019,,1730,1760,1820,1940,1940
Saturn,Thea,USAID,S,HTS_TST,2019,53890,14530,13150,12510,7430,47610
Saturn,Thea,USAID,S,HTS_TST_POS,2019,1310,260,220,260,220,940
Saturn,Thea,USAID,S,TX_CURR,2018,5060,,,,,
Saturn,Thea,USAID,Alrm,HTS_TST,2018,6950,2200,3670,2950,4220,13020
Saturn,Thea,HHS/CDC,Mkr,TX_NEW,2018,9540,,,,,
Saturn,Thea,HHS/CDC,Mkr,TX_NEW,2019,,650,790,730,780,2940
Saturn,Mimas,HHS/CDC,M,HTS_TST_POS,2018,410,100,130,90,70,370
Saturn,Mimas,HHS/CDC,M,HTS_TST_POS,2019,220,70,140,80,110,380
Saturn,Mimas,HHS/CDC,Hus,TX_NEW,2019,150,,,,,
Saturn,Mimas,USAID,RjllAww,TX_NEW,2020,120,,,,,
Saturn,Mimas,USAID,Alrm,HTS_TST_POS,2018,600,80,80,80,90,310
Saturn,Mimas,USAID,Alrm,HTS_TST_POS,2019,250,70,60,80,80,270
Saturn,Mimas,HHS/CDC,Askll,TX_CURR,2018,,8670,8810,8720,8610,8610
Saturn,Mimas,HHS/CDC,Askll,TX_CURR,2019,10290,,,,,
Saturn,Dione,HHS/CDC,Zub-l-Akrb,TX_NEW,2018,,1050,1290,1380,1170,4860
Saturn,Dione,HHS/CDC,Okul,TX_NEW,2020,420,160,,,,160
Saturn,Dione,HHS/CDC,Alkurh,HTS_TST,2018,1650,240,930,1260,750,3150
Saturn,Dione,HHS/CDC,Alkurh,HTS_TST,2019,2090,410,210,600,1160,2360
Saturn,Dione,USAID,S,TX_CURR,2018,11850,,,,,
Saturn,Thea,HHS/CDC,Hus,TX_NEW,2018,40,,,,,
Saturn,Thea,HHS/CDC,Hus,TX_NEW,2019,,40,40,30,,100
Saturn,Thea,DOD,Bsh,HTS_TST,2018,35280,5980,12310,12470,7900,38630
Saturn,Thea,DOD,Ksr,TX_CURR,2020,7090,6260,,,,6260
Saturn,Thea,USAID,AsllusSuus,TX_CURR,2018,5710,,,,,
Saturn,Thea,USAID,AsllusSuus,TX_CURR,2019,,3620,3620,3650,3680,3680
Saturn,Thea,USAID,Alrm,HTS_TST,2019,2790,3880,2570,370,20,6820
Saturn,Thea,HHS/CDC,Azlh,TX_NEW,2020,670,70,,,,70
Saturn,Mimas,HHS/CDC,Alkurh,HTS_TST,2019,,,10,,,10
Saturn,Mimas,USAID,Chw,TX_NEW,2020,140,20,,,,20
Saturn,Mimas,USAID,R,HTS_TST_POS,2020,5990,860,,,,860
Saturn,Dione,Dedup,Dedup,HTS_TST_POS,2018,-30,,,,,
Saturn,Dione,HHS/CDC,Zub-l-Akrb,HTS_TST_POS,2020,4760,1830,,,,1830
Saturn,Dione,HHS/CDC,Alkurh,HTS_TST_POS,2018,50,10,10,10,10,20
Saturn,Dione,HHS/CDC,Alkurh,HTS_TST_POS,2019,20,10,10,10,10,30
Saturn,Dione,HHS/CDC,Alkurh,TX_NEW,2019,30,,,,,
Saturn,Dione,HHS/CDC,RjllAww,TX_NEW,2018,20,,,,,
Saturn,Dione,HHS/CDC,RjllAww,TX_NEW,2019,,10,10,10,10,10
Saturn,Dione,HHS/CDC,Okul,HTS_TST_POS,2020,10,,,,,
Saturn,Thea,HHS/CDC,Azlh,TX_NEW,2018,1180,,,,,
Saturn,Thea,HHS/CDC,Azlh,TX_NEW,2019,,120,120,110,70,400
Saturn,Thea,HHS/CDC,Alkurh,TX_NEW,2018,,30,30,20,20,90
Saturn,Thea,USAID,Alrm,TX_NEW,2019,,,,10,,10
Saturn,Thea,HHS/CDC,Mkr,HTS_TST,2020,16360,,,,,
Saturn,Mimas,Dedup,Dedup,HTS_TST_POS,2019,,-10,,,,-10
Saturn,Mimas,HHS/CDC,Ssr,HTS_TST_POS,2020,720,310,,,,310
Saturn,Mimas,HHS/CDC,M,HTS_TST_POS,2020,3350,680,,,,680
Saturn,Dione,HHS/CDC,RjllAww,TX_CURR,2018,,60,50,50,50,50
Saturn,Dione,HHS/CDC,RjllAww,TX_CURR,2019,70,,,,,
Saturn,Dione,HHS/CDC,Okul,HTS_TST_POS,2018,,220,190,200,180,780
Saturn,Dione,HHS/CDC,Okul,HTS_TST_POS,2019,1250,150,230,240,340,940
Saturn,Dione,USAID,S,HTS_TST_POS,2019,1120,230,310,260,210,990
Saturn,Thea,HHS/CDC,Alkurh,TX_NEW,2019,100,,,,,
Saturn,Thea,DOD,Ksr,HTS_TST,2020,19280,6830,,,,6830
Saturn,Thea,HHS/CDC,Okul,TX_NEW,2018,,270,250,220,240,960
Saturn,Thea,USAID,S,TX_NEW,2019,1210,,,,,
Saturn,Thea,USAID,Alrm,HTS_TST_POS,2020,120,20,,,,20
Saturn,Thea,HHS/CDC,Azlh,HTS_TST,2020,940,,,,,
Saturn,Mimas,HHS/CDC,Bsh,HTS_TST_POS,2020,1500,560,,,,560
Saturn,Mimas,HHS/CDC,HusII,HTS_TST_POS,2019,60,10,10,10,30,50
Saturn,Mimas,USAID,R,HTS_TST_POS,2018,7550,1080,1270,1110,1210,4660
Saturn,Mimas,USAID,R,HTS_TST_POS,2019,4160,1130,1200,1250,1320,4880
Saturn,Mimas,USAID,R,TX_NEW,2018,,860,940,830,930,3540
Saturn,Mimas,USAID,R,TX_NEW,2019,4310,,,,,
Saturn,Dione,HHS/CDC,Hus,TX_CURR,2018,,200,170,170,170,170
Saturn,Dione,HHS/CDC,Hus,TX_CURR,2019,210,,,,,
Saturn,Thea,USAID,RjllAww,HTS_TST_POS,2018,60,20,20,20,40,90
Saturn,Thea,USAID,RjllAww,HTS_TST_POS,2019,70,20,20,30,20,70
Saturn,Thea,DOD,Ksr,TX_NEW,2019,940,,,,,
Saturn,Thea,USAID,S,HTS_TST,2018,93170,12700,12780,14720,18100,58300
Saturn,Thea,HHS/CDC,Azlh,HTS_TST,2020,18230,2730,,,,2730
Saturn,Mimas,HHS/CDC,Bsh,TX_CURR,2018,,6230,6420,6610,6410,6410
Saturn,Mimas,USAID,AlMlrlAs,TX_CURR,2020,,250,,,,250
Saturn,Mimas,HHS/CDC,Alkurh,HTS_TST_POS,2018,620,60,60,60,50,220
Saturn,Mimas,HHS/CDC,Alkurh,TX_NEW,2018,,40,50,40,30,140
Saturn,Mimas,HHS/CDC,Alkurh,TX_NEW,2019,230,,,,,
Saturn,Mimas,HHS/CDC,HusII,HTS_TST_POS,2018,170,10,20,10,,30
Saturn,Dione,HHS/CDC,Hus,TX_NEW,2018,,10,10,10,10,20
Saturn,Dione,HHS/CDC,Hus,TX_NEW,2019,30,,,,,
Saturn,Thea,HHS/CDC,Azlh,TX_CURR,2018,4990,,,,,
Saturn,Thea,HHS/CDC,Azlh,TX_CURR,2019,,4090,4130,4130,4140,4140
Saturn,Mimas,HHS/CDC,Bsh,HTS_TST,2020,29480,3870,,,,3870
Saturn,Mimas,HHS/CDC,M,HTS_TST,2020,37530,3820,,,,3820
Saturn,Mimas,USAID,AlMlrlAs,TX_NEW,2020,,130,,,,130
Saturn,Mimas,HHS/CDC,Alkurh,HTS_TST_POS,2019,280,60,70,60,100,280
Saturn,Mimas,USAID,Alrm,HTS_TST_POS,2018,380,60,40,30,40,170
Saturn,Mimas,USAID,Alrm,HTS_TST_POS,2019,130,50,20,20,20,100
Saturn,Mimas,USAID,Alrm,TX_CURR,2020,1930,1820,,,,1820
Saturn,Mimas,USAID,Mkb,HTS_TST,2018,20,,,,,
Saturn,Mimas,HHS/CDC,AsllusTrus,HTS_TST,2020,60,,,,,
Saturn,Dione,HHS/CDC,Hus,HTS_TST_POS,2018,110,10,10,10,10,20
Saturn,Dione,HHS/CDC,Alkurh,TX_CURR,2019,,40,40,50,60,60
Saturn,Dione,HHS/CDC,Okul,TX_NEW,2019,1290,,,,,
Saturn,Dione,USAID,S,TX_NEW,2018,,240,290,250,250,1010
Saturn,Thea,HHS/CDC,Alkurh,TX_CURR,2018,,1120,1090,980,840,840
Saturn,Thea,HHS/CDC,Alkurh,TX_CURR,2019,1320,,,,,
Saturn,Thea,HHS/CDC,Azlh,HTS_TST,2018,36910,,,,,
Saturn,Thea,USAID,Alrm,HTS_TST_POS,2020,,10,,,,10
Saturn,Mimas,USAID,Chw,TX_CURR,2020,2430,1840,,,,1840
Saturn,Mimas,USAID,Alrm,TX_CURR,2018,,1290,1360,1490,1490,1490
Saturn,Mimas,USAID,Alrm,TX_CURR,2019,1450,,,,,
Saturn,Dione,HHS/CDC,Hus,HTS_TST_POS,2019,20,10,,10,,20
Saturn,Dione,HHS/CDC,Alkurh,TX_CURR,2018,90,,,,,
Saturn,Dione,HHS/CDC,Alkurh,TX_NEW,2018,30,,,,,
Saturn,Dione,HHS/CDC,Alkurh,TX_NEW,2019,,10,10,10,10,20
Saturn,Dione,HHS/CDC,Alkurh,HTS_TST,2020,200,200,,,,200
Saturn,Dione,HHS/CDC,Azlh,HTS_TST_POS,2018,2660,,,,,
Saturn,Dione,HHS/CDC,Okul,HTS_TST,2020,4280,,,,,
Saturn,Thea,HHS/CDC,Azlh,HTS_TST,2018,26350,11380,12480,11610,10460,45920
Saturn,Thea,HHS/CDC,Azlh,HTS_TST,2019,21510,9630,6930,4510,3040,24100
Saturn,Thea,HHS/CDC,Azlh,TX_CURR,2018,,3890,3950,4040,4180,4180
Saturn,Thea,DOD,Ksr,HTS_TST,2020,3340,,,,,
Saturn,Thea,USAID,AsllusSuus,TX_CURR,2020,4410,3660,,,,3660
Saturn,Thea,HHS/CDC,Mkr,HTS_TST_POS,2020,3670,580,,,,580
Saturn,Thea,HHS/CDC,Azlh,HTS_TST_POS,2020,10,,,,,
Saturn,Mimas,USAID,Chw,HTS_TST,2020,3130,700,,,,700
Saturn,Mimas,HHS/CDC,Askll,TX_CURR,2020,6070,5060,,,,5060
Saturn,Mimas,USAID,Alrm,HTS_TST,2020,,1680,,,,1680
Saturn,Mimas,USAID,Alrm,TX_NEW,2018,130,,,,,
Saturn,Mimas,USAID,Alrm,TX_NEW,2019,,60,70,70,70,250
Saturn,Mimas,HHS/CDC,Askll,HTS_TST,2020,52410,8310,,,,8310
Saturn,Dione,HHS/CDC,Zub-l-Akrb,HTS_TST,2018,762070,113020,162250,127170,117230,519650
Saturn,Dione,HHS/CDC,Zub-l-Akrb,HTS_TST,2019,281340,84500,76230,75960,71260,307940
Saturn,Dione,HHS/CDC,Okul,TX_CURR,2020,6000,12700,,,,12700
Saturn,Dione,HHS/CDC,Alkurh,HTS_TST,2020,,1020,,,,1020
Saturn,Dione,USAID,S,TX_NEW,2018,3170,,,,,
Saturn,Thea,HHS/CDC,Azlh,TX_CURR,2019,4350,,,,,
Saturn,Thea,HHS/CDC,Alkurh,TX_CURR,2018,1390,,,,,
Saturn,Thea,HHS/CDC,Alkurh,TX_CURR,2019,,820,830,850,890,890
Saturn,Thea,HHS/CDC,Okul,TX_NEW,2019,1300,,,,,
Saturn,Thea,USAID,S,TX_NEW,2018,,250,250,260,260,1000
Saturn,Thea,HHS/CDC,Mkr,TX_CURR,2020,33820,29780,,,,29780
Saturn,Mimas,USAID,Chw,HTS_TST_POS,2018,230,20,30,40,40,110
Saturn,Mimas,USAID,Chw,HTS_TST_POS,2019,80,40,40,30,20,120
Saturn,Mimas,HHS/CDC,Askll,HTS_TST_POS,2020,620,170,,,,170
Saturn,Mimas,HHS/CDC,Hus,HTS_TST_POS,2018,360,50,50,60,40,190
Saturn,Mimas,HHS/CDC,Hus,HTS_TST_POS,2019,160,50,40,30,,110
Saturn,Mimas,HHS/CDC,Askll,HTS_TST_POS,2020,1990,180,,,,180
Saturn,Mimas,HHS/CDC,Askll,TX_CURR,2020,11190,8640,,,,8640
Saturn,Dione,HHS/CDC,Alkurh,TX_NEW,2018,,10,10,10,10,30
Saturn,Dione,HHS/CDC,RjllAww,TX_NEW,2020,660,10,,,,10
Saturn,Dione,HHS/CDC,Okul,HTS_TST_POS,2020,460,170,,,,170
Saturn,Dione,HHS/CDC,Okul,TX_NEW,2018,,210,180,200,180,750
Saturn,Thea,USAID,RjllAww,HTS_TST,2018,1740,1050,1210,1190,1470,4900
Saturn,Thea,USAID,RjllAww,HTS_TST,2019,2770,840,1540,2410,450,5220
Saturn,Thea,HHS/CDC,Alkurh,HTS_TST,2020,9210,3530,,,,3530
Saturn,Thea,USAID,AsllusSuus,HTS_TST_POS,2020,180,60,,,,60
Saturn,Thea,USAID,S,HTS_TST_POS,2020,1080,190,,,,190
Saturn,Mimas,HHS/CDC,M,HTS_TST_POS,2020,1400,110,,,,110
Saturn,Mimas,USAID,Alrm,TX_NEW,2018,,70,80,80,80,290
Saturn,Mimas,USAID,Alrm,TX_NEW,2019,340,,,,,
Saturn,Mimas,HHS/CDC,Askll,TX_NEW,2018,,170,180,140,130,610
Saturn,Mimas,HHS/CDC,Askll,TX_NEW,2019,770,,,,,
Saturn,Dione,Dedup,Dedup,HTS_TST,2018,,-350,,,,-350
Saturn,Dione,HHS/CDC,Hus,HTS_TST,2018,4900,260,210,510,510,1470
Saturn,Dione,HHS/CDC,Hus,HTS_TST,2019,1360,360,310,160,,820
Saturn,Dione,HHS/CDC,Hus,TX_CURR,2018,230,,,,,
Saturn,Dione,HHS/CDC,Hus,TX_CURR,2019,,170,160,180,180,180
Saturn,Dione,HHS/CDC,Zub-l-Akrb,HTS_TST,2020,160050,63210,,,,63210
Saturn,Thea,HHS/CDC,Azlh,HTS_TST_POS,2018,1110,170,190,240,220,800
Saturn,Thea,HHS/CDC,Azlh,HTS_TST_POS,2019,440,170,190,150,100,590
Saturn,Thea,DOD,Bsh,TX_CURR,2018,,5990,6100,6240,5960,5960
Saturn,Thea,HHS/CDC,Okul,TX_CURR,2018,,11270,11400,11530,11550,11550
Saturn,Thea,HHS/CDC,Okul,TX_CURR,2019,13040,,,,,
Saturn,Thea,USAID,AsllusSuus,HTS_TST_POS,2019,290,40,40,40,50,150
Saturn,Thea,USAID,S,TX_NEW,2018,1200,,,,,
Saturn,Thea,USAID,Alrm,TX_NEW,2018,,10,10,10,10,20
Saturn,Thea,USAID,Alrm,TX_NEW,2019,10,,,,,
Saturn,Thea,HHS/CDC,Mkr,TX_NEW,2020,3480,510,,,,510
Saturn,Mimas,HHS/CDC,Askll,HTS_TST_POS,2018,1100,110,130,140,150,510
Saturn,Mimas,HHS/CDC,Askll,HTS_TST_POS,2019,570,130,130,230,200,680
Saturn,Mimas,Dedup,Dedup,HTS_TST,2019,,-550,,-50,-110,-710
Saturn,Mimas,USAID,R,HTS_TST,2018,172770,35110,38680,36170,49100,159040
Saturn,Mimas,USAID,R,HTS_TST,2019,133470,51420,51290,48250,48790,199740
Saturn,Mimas,USAID,Alrm,TX_NEW,2019,,,10,10,10,20
Saturn,Mimas,HHS/CDC,M,TX_NEW,2020,3110,610,,,,610
Saturn,Mimas,HHS/CDC,Askll,HTS_TST_POS,2018,1980,470,470,370,310,1610
Saturn,Mimas,HHS/CDC,Askll,HTS_TST_POS,2019,1130,210,220,230,280,930
Saturn,Dione,HHS/CDC,RjllAww,HTS_TST,2020,21710,2050,,,,2050
Saturn,Dione,HHS/CDC,Okul,TX_NEW,2019,,150,220,210,280,840
Saturn,Thea,HHS/CDC,Alkurh,HTS_TST,2018,4860,960,1560,960,990,4460
Saturn,Thea,HHS/CDC,Alkurh,HTS_TST,2019,4560,1080,1070,930,1890,4970
Saturn,Thea,DOD,Bsh,TX_NEW,2018,1660,,,,,
Saturn,Thea,USAID,AsllusSuus,HTS_TST_POS,2018,720,50,80,50,50,210
Saturn,Thea,USAID,AsllusSuus,TX_NEW,2020,180,60,,,,60
Saturn,Thea,USAID,S,TX_CURR,2020,5610,5330,,,,5330
Saturn,Thea,USAID,Alrm,TX_NEW,2020,130,20,,,,20
Saturn,Mimas,USAID,Chw,TX_NEW,2018,,20,20,30,20,70
Saturn,Mimas,USAID,Chw,TX_NEW,2019,100,,,,,
Saturn,Mimas,HHS/CDC,Askll,TX_NEW,2020,620,130,,,,130
Saturn,Mimas,HHS/CDC,Bsh,TX_NEW,2020,1510,560,,,,560
Saturn,Mimas,HHS/CDC,Alkurh,TX_NEW,2020,290,30,,,,30
Saturn,Mimas,HHS/CDC,Ssr,TX_NEW,2020,750,100,,,,100
Saturn,Mimas,HHS/CDC,Ssr,TX_NEW,2018,,90,120,120,80,390
Saturn,Mimas,HHS/CDC,Ssr,TX_NEW,2019,360,,,,,
Saturn,Mimas,USAID,Alrm,HTS_TST_POS,2020,,30,,,,30
Saturn,Mimas,USAID,Alrm,TX_CURR,2018,1380,,,,,
Saturn,Mimas,USAID,Alrm,TX_CURR,2019,,,90,90,90,90
Saturn,Dione,HHS/CDC,RjllAww,TX_CURR,2020,8930,50,,,,50
Saturn,Dione,HHS/CDC,Azlh,HTS_TST,2018,96350,,,,,
Saturn,Dione,HHS/CDC,Azlh,TX_CURR,2018,18020,,,,,
Saturn,Dione,HHS/CDC,Okul,HTS_TST,2020,15650,4860,,,,4860
Saturn,Dione,HHS/CDC,Okul,TX_CURR,2018,,12100,12190,12310,12410,12410
Saturn,Dione,HHS/CDC,Okul,TX_CURR,2019,14110,,,,,
Saturn,Dione,HHS/CDC,Alkurh,HTS_TST,2018,2620,,,,,
Saturn,Dione,HHS/CDC,Alkurh,HTS_TST_POS,2019,30,10,10,10,10,10
Saturn,Thea,Dedup,Dedup,TX_NEW,2018,-630,,,,,
Saturn,Thea,HHS/CDC,Hus,HTS_TST,2018,4970,1090,1280,1440,1910,5710
Saturn,Thea,HHS/CDC,Hus,HTS_TST,2019,3040,1790,1490,1130,,4400
Saturn,Thea,HHS/CDC,Alkurh,TX_NEW,2018,,50,80,80,60,260
Saturn,Thea,HHS/CDC,Alkurh,TX_NEW,2019,390,,,,,
Saturn,Mimas,HHS/CDC,Bsh,HTS_TST_POS,2020,1010,180,,,,180
Saturn,Mimas,USAID,Alrm,TX_CURR,2019,,1540,1440,1500,1500,1500
Saturn,Dione,HHS/CDC,Alkurh,TX_CURR,2020,90,60,,,,60
Saturn,Dione,HHS/CDC,Alkurh,HTS_TST_POS,2018,40,,10,,10,10
Saturn,Thea,HHS/CDC,Alkurh,HTS_TST,2020,2400,1430,,,,1430
Saturn,Thea,HHS/CDC,Okul,HTS_TST,2020,290,,,,,
Saturn,Thea,HHS/CDC,Okul,TX_NEW,2019,,160,250,240,300,940
Saturn,Thea,USAID,S,TX_CURR,2018,,4190,4400,4790,4710,4710
Saturn,Mimas,HHS/CDC,Hus,TX_NEW,2018,130,,,,,
Saturn,Mimas,USAID,Alrm,HTS_TST,2018,16480,3350,3750,3660,3610,14350
Saturn,Mimas,USAID,Alrm,HTS_TST,2019,12680,3090,2930,3020,3060,12090
Saturn,Mimas,USAID,Alrm,HTS_TST,2018,4790,2120,1900,2000,1850,7860
Saturn,Mimas,USAID,Alrm,HTS_TST,2019,4590,1790,920,870,1080,4640
Saturn,Dione,HHS/CDC,Okul,HTS_TST,2018,,13130,15270,12230,10810,51420
Saturn,Dione,HHS/CDC,Okul,HTS_TST,2019,28790,10310,10490,8300,8500,37590
Saturn,Dione,USAID,S,HTS_TST,2019,53520,24930,25080,16520,10870,77380
Saturn,Dione,USAID,S,TX_CURR,2019,,8440,8680,8860,8910,8910
Saturn,Dione,USAID,Alrm,HTS_TST,2018,3760,120,100,80,110,390
Saturn,Thea,HHS/CDC,Alkurh,TX_CURR,2018,,1600,1690,1710,1720,1720
Saturn,Thea,HHS/CDC,Alkurh,TX_NEW,2018,590,,,,,
Saturn,Thea,HHS/CDC,Alkurh,TX_NEW,2019,,50,60,80,140,300
Saturn,Thea,HHS/CDC,Mkr,TX_CURR,2019,31250,,,,,
Saturn,Mimas,HHS/CDC,Bsh,HTS_TST_POS,2018,890,220,240,220,180,840
Saturn,Mimas,USAID,Chw,TX_CURR,2018,,1840,1830,1860,1870,1870
Saturn,Mimas,USAID,Chw,TX_CURR,2019,2170,,,,,
Saturn,Mimas,HHS/CDC,Hus,TX_CURR,2018,,480,490,510,520,520
Saturn,Mimas,HHS/CDC,Hus,TX_CURR,2019,730,,,,,
Saturn,Mimas,HHS/CDC,Ssr,HTS_TST,2020,19550,8760,,,,8760
Saturn,Mimas,HHS/CDC,Ssr,TX_CURR,2020,3200,2160,,,,2160
Saturn,Mimas,HHS/CDC,Askll,HTS_TST,2019,49690,12520,10600,11420,13200,47720
Saturn,Mimas,HHS/CDC,Askll,TX_CURR,2018,9480,,,,,
Saturn,Mimas,HHS/CDC,Askll,TX_CURR,2019,,8190,8300,8450,8640,8640
Saturn,Dione,HHS/CDC,Hus,TX_NEW,2018,60,,,,,
Saturn,Dione,HHS/CDC,Hus,TX_NEW,2019,,10,,10,,10
Saturn,Dione,HHS/CDC,RjllAww,HTS_TST_POS,2018,1710,110,200,270,270,840
Saturn,Dione,HHS/CDC,RjllAww,HTS_TST_POS,2019,460,100,170,60,40,350
Saturn,Dione,USAID,Alrm,HTS_TST,2019,550,170,,200,160,520
Saturn,Thea,HHS/CDC,Hus,TX_NEW,2018,,30,30,50,30,130
Saturn,Thea,HHS/CDC,Hus,TX_NEW,2019,140,,,,,
Saturn,Thea,HHS/CDC,Okul,HTS_TST,2018,,17410,19340,12640,11850,61220
Saturn,Thea,HHS/CDC,Okul,HTS_TST,2019,48390,11620,13510,8980,9420,43510
Saturn,Thea,HHS/CDC,Alkurh,TX_CURR,2019,1870,,,,,
Saturn,Thea,USAID,AsllusSuus,TX_CURR,2018,,4140,3990,3750,3700,3700
Saturn,Thea,HHS/CDC,Mkr,HTS_TST_POS,2020,20,,,,,
Saturn,Mimas,HHS/CDC,Bsh,HTS_TST_POS,2019,660,170,200,270,240,860
Saturn,Mimas,HHS/CDC,M,TX_NEW,2020,1050,120,,,,120
Saturn,Dione,USAID,S,TX_CURR,2019,9600,,,,,
Saturn,Dione,USAID,S,HTS_TST_POS,2018,5050,290,330,280,300,1190
Saturn,Thea,HHS/CDC,Alkurh,HTS_TST_POS,2018,340,30,40,30,30,120
Saturn,Thea,HHS/CDC,Alkurh,HTS_TST_POS,2019,150,30,20,20,80,130
Saturn,Thea,HHS/CDC,Okul,HTS_TST_POS,2020,10,,,,,
Saturn,Thea,HHS/CDC,Okul,TX_CURR,2019,,10830,10940,11130,11400,11400
Saturn,Thea,USAID,Alrm,HTS_TST,2020,3040,770,,,,770
Saturn,Thea,USAID,Alrm,HTS_TST_POS,2018,210,20,40,30,50,130
Saturn,Thea,USAID,Alrm,HTS_TST_POS,2019,50,40,30,10,,70
Saturn,Thea,USAID,Alrm,TX_CURR,2019,,,20,20,20,20
Saturn,Mimas,USAID,Chw,TX_CURR,2018,1930,,,,,
Saturn,Mimas,USAID,Chw,TX_CURR,2019,,1870,1820,1830,1820,1820
Saturn,Mimas,USAID,Chw,TX_NEW,2018,100,,,,,
Saturn,Mimas,HHS/CDC,Hus,TX_CURR,2018,560,,,,,
Saturn,Mimas,HHS/CDC,Hus,TX_CURR,2019,,530,570,590,580,580
Saturn,Mimas,USAID,RjllAww,HTS_TST_POS,2018,40,40,40,40,50,150
Saturn,Mimas,HHS/CDC,HusII,HTS_TST,2018,3770,1440,3170,280,410,5280
Saturn,Mimas,HHS/CDC,HusII,HTS_TST,2019,5040,1450,1740,2580,3120,8870
Saturn,Mimas,USAID,Mkb,HTS_TST_POS,2018,10,,,,,
Saturn,Mimas,HHS/CDC,M,TX_CURR,2018,15510,,,,,
Saturn,Mimas,HHS/CDC,M,TX_CURR,2019,,14720,15220,15720,16270,16270
Saturn,Mimas,HHS/CDC,Askll,TX_NEW,2020,1980,150,,,,150
Saturn,Dione,HHS/CDC,Okul,TX_CURR,2019,,12390,12270,12360,12590,12590
Saturn,Thea,HHS/CDC,Azlh,TX_NEW,2018,2370,,,,,
Saturn,Thea,USAID,S,HTS_TST_POS,2020,10,,,,,
Saturn,Thea,USAID,S,TX_CURR,2019,,4880,4940,5150,5240,5240
Saturn,Thea,USAID,S,HTS_TST_POS,2018,4820,300,300,310,320,1210
Saturn,Thea,USAID,Alrm,TX_CURR,2020,180,220,,,,220
Saturn,Mimas,USAID,Chw,TX_NEW,2019,,10,20,20,10,50
Saturn,Mimas,USAID,R,HTS_TST,2020,177520,34960,,,,34960
Saturn,Mimas,USAID,Alrm,TX_NEW,2020,510,60,,,,60
Saturn,Mimas,HHS/CDC,M,HTS_TST,2018,148370,54770,66800,58080,49560,229190
Saturn,Mimas,HHS/CDC,M,HTS_TST,2019,158690,45480,50650,60660,53700,210480
Saturn,Mimas,HHS/CDC,Askll,HTS_TST,2018,67590,17680,18650,14070,18530,68910
Saturn,Thea,HHS/CDC,Alkurh,HTS_TST_POS,2020,400,160,,,,160
Saturn,Thea,USAID,AsllusSuus,HTS_TST,2018,20560,1250,1970,960,930,5090
Saturn,Thea,USAID,AsllusSuus,HTS_TST,2019,12640,780,1190,960,390,3310
Saturn,Thea,USAID,Alrm,HTS_TST,2018,210,150,220,220,320,900
Saturn,Thea,HHS/CDC,Mkr,TX_NEW,2018,,730,850,920,980,3470
Saturn,Thea,HHS/CDC,Mkr,TX_NEW,2019,3670,,,,,
Saturn,Mimas,USAID,Chw,HTS_TST_POS,2020,110,30,,,,30
Saturn,Mimas,HHS/CDC,Askll,HTS_TST,2018,21390,4150,4950,5410,5810,20300
Saturn,Mimas,HHS/CDC,Askll,HTS_TST,2019,14470,5000,5930,5920,5920,22760
Saturn,Mimas,HHS/CDC,M,TX_NEW,2018,,110,130,100,90,420
Saturn,Mimas,HHS/CDC,M,TX_NEW,2019,490,,,,,
Saturn,Mimas,HHS/CDC,Bsh,HTS_TST,2018,123020,24960,22900,17270,17590,82710
Saturn,Mimas,HHS/CDC,Bsh,HTS_TST,2019,73590,15500,17220,15140,14770,62610
Saturn,Mimas,USAID,RjllAww,HTS_TST_POS,2020,140,,,,,
Saturn,Mimas,HHS/CDC,Alkurh,HTS_TST_POS,2020,270,60,,,,60
Saturn,Mimas,HHS/CDC,Askll,TX_NEW,2018,2570,,,,,
Saturn,Thea,Dedup,Dedup,HTS_TST_POS,2018,,,,-10,-10,-30
Saturn,Thea,Dedup,Dedup,HTS_TST_POS,2019,,,,,,-10
Saturn,Thea,HHS/CDC,Okul,TX_NEW,2020,880,180,,,,180
Saturn,Thea,USAID,S,TX_NEW,2020,1010,170,,,,170
Saturn,Thea,USAID,Alrm,TX_CURR,2018,90,,,,,
Saturn,Thea,USAID,Alrm,TX_CURR,2019,,160,160,160,170,170
Saturn,Mimas,USAID,Chw,HTS_TST,2018,4210,300,540,1800,1650,4280
Saturn,Mimas,USAID,RjllAww,HTS_TST,2018,600,1790,2390,1850,1690,7700
Saturn,Mimas,USAID,RjllAww,HTS_TST,2019,3240,1240,1430,1640,1340,5630
Saturn,Mimas,USAID,R,HTS_TST_POS,2019,,20,,,,20
Saturn,Mimas,HHS/CDC,M,TX_NEW,2019,,610,710,730,890,2930
Saturn,Mimas,HHS/CDC,Askll,TX_NEW,2019,,100,150,140,220,610
Saturn,Dione,HHS/CDC,Zub-l-Akrb,HTS_TST_POS,2020,10,,,,,
Saturn,Dione,HHS/CDC,Zub-l-Akrb,TX_CURR,2018,54270,,,,,
Saturn,Dione,HHS/CDC,Zub-l-Akrb,TX_CURR,2019,,41730,42570,43300,44150,44150
Saturn,Dione,HHS/CDC,Alkurh,TX_CURR,2018,,50,60,40,50,50
Saturn,Dione,HHS/CDC,Alkurh,TX_CURR,2019,70,,,,,
Saturn,Dione,HHS/CDC,Alkurh,HTS_TST_POS,2020,10,10,,,,10
Saturn,Dione,HHS/CDC,RjllAww,HTS_TST_POS,2020,680,60,,,,60
Saturn,Thea,Dedup,Dedup,HTS_TST_POS,2018,-180,,,,,
Saturn,Thea,HHS/CDC,Hus,HTS_TST_POS,2019,180,40,50,40,,120
Saturn,Thea,DOD,Bsh,HTS_TST_POS,2018,1730,140,320,210,160,810
Saturn,Thea,USAID,AsllusSuus,TX_CURR,2019,4900,,,,,
Saturn,Thea,USAID,Alrm,TX_NEW,2019,,10,10,10,10,30
Saturn,Mimas,HHS/CDC,Bsh,TX_CURR,2020,8330,6410,,,,6410
Saturn,Mimas,USAID,Chw,HTS_TST,2019,1610,1070,1310,1460,1310,5130
Saturn,Mimas,HHS/CDC,Askll,TX_CURR,2018,,4530,4580,4600,4680,4680
Saturn,Mimas,HHS/CDC,Askll,TX_CURR,2019,5460,,,,,
Saturn,Mimas,Dedup,Dedup,HTS_TST,2018,,-770,,,,-780
Saturn,Mimas,HHS/CDC,Bsh,TX_CURR,2018,,16000,15990,15990,15920,15920
Saturn,Mimas,HHS/CDC,Bsh,TX_CURR,2019,19560,,,,,
Saturn,Mimas,USAID,R,TX_NEW,2020,5560,740,,,,740
Saturn,Mimas,HHS/CDC,Ssr,TX_CURR,2018,2910,,,,,
Saturn,Mimas,HHS/CDC,Ssr,TX_CURR,2019,,2380,1970,2100,2150,2150
Saturn,Mimas,USAID,Alrm,TX_NEW,2020,,10,,,,10
Saturn,Mimas,HHS/CDC,M,TX_NEW,2018,3510,,,,,
Saturn,Thea,HHS/CDC,Alkurh,HTS_TST_POS,2020,100,30,,,,30
Saturn,Thea,DOD,Bsh,TX_NEW,2018,,130,210,190,140,660
Saturn,Thea,USAID,AsllusSuus,TX_NEW,2018,1360,,,,,
Saturn,Thea,USAID,AsllusSuus,TX_NEW,2019,,40,30,40,40,140
Saturn,Thea,USAID,Alrm,TX_NEW,2018,10,,,,,
Saturn,Thea,HHS/CDC,Azlh,TX_CURR,2020,4970,4130,,,,4130
Saturn,Thea,HHS/CDC,Mkr,TX_CURR,2018,,26740,27210,27650,28130,28130
Saturn,Mimas,HHS/CDC,Askll,TX_NEW,2018,1250,,,,,
Saturn,Mimas,HHS/CDC,Askll,TX_NEW,2019,,110,120,180,180,570
Saturn,Mimas,HHS/CDC,M,TX_NEW,2018,1840,,,,,
Saturn,Mimas,HHS/CDC,M,TX_NEW,2019,,70,110,130,180,470
Saturn,Mimas,HHS/CDC,Bsh,TX_NEW,2018,3960,,,,,
Saturn,Mimas,HHS/CDC,Bsh,TX_NEW,2019,,220,260,310,620,1410
Saturn,Mimas,HHS/CDC,Ssr,TX_NEW,2018,670,,,,,
Saturn,Mimas,HHS/CDC,Ssr,TX_NEW,2019,,60,70,160,220,480
Saturn,Mimas,USAID,Alrm,TX_CURR,2020,,110,,,,110
Jupiter,Europa,USAID,Ruhb,TX_NEW,2020,,180,,,,180
Jupiter,Ganymede,USAID,Ruhb,TX_CURR,2018,,700,720,740,750,750
Jupiter,Ganymede,USAID,Ruhb,TX_CURR,2019,590,,,,,
Jupiter,Ganymede,HHS/CDC,AlfMr,TX_NEW,2018,10470,,,,,
Jupiter,Himalia,DOD,G,TX_NEW,2020,1610,490,,,,490
Jupiter,Himalia,USAID,Ruhb,HTS_TST_POS,2019,120,50,50,70,80,250
Jupiter,Callisto,HHS/CDC,AlfMr,TX_NEW,2018,9040,,,,,
Jupiter,Callisto,USAID,S,TX_NEW,2020,40,,,,,
Jupiter,Himalia,DOD,G,TX_NEW,2018,,580,570,590,540,2270
Jupiter,Himalia,DOD,G,HTS_TST_POS,2019,1530,710,720,810,730,2950
Jupiter,Himalia,DOD,G,TX_NEW,2019,1490,,,,,
Jupiter,Himalia,USAID,Ruhb,HTS_TST_POS,2018,160,90,110,80,70,340
Jupiter,Himalia,USAID,Ruhb,TX_NEW,2018,,60,100,80,60,290
Jupiter,Himalia,USAID,Ruhb,TX_NEW,2019,130,,,,,
Jupiter,Europa,HHS/CDC,RsElsAusrls,HTS_TST,2018,59230,,,8300,9350,17650
Jupiter,Europa,HHS/CDC,RsElsAusrls,HTS_TST,2019,18240,5670,8090,3570,4160,21470
Jupiter,Europa,USAID,S,HTS_TST_POS,2020,40,,,,,
Jupiter,Callisto,HHS/CDC,Hk,TX_NEW,2019,1560,,,,,
Jupiter,Ganymede,USAID,S,HTS_TST_POS,2020,30,,,,,
Jupiter,Ganymede,USAID,Ruhb,TX_NEW,2018,800,,,,,
Jupiter,Ganymede,USAID,Ruhb,TX_NEW,2019,,50,40,40,40,150
Jupiter,Ganymede,HHS/CDC,AlfMr,TX_CURR,2018,,23250,23640,23990,25460,25460
Jupiter,Himalia,DOD,G,TX_CURR,2018,,12900,13240,13700,14030,14030
Jupiter,Europa,HHS/CDC,AlfMr,TX_CURR,2018,,29560,29830,30490,31160,31160
Jupiter,Ganymede,HHS/CDC,Hk,TX_CURR,2020,31120,26880,,,,26880
Jupiter,Himalia,USAID,AlKlblR,TX_CURR,2018,,1000,1030,1020,1010,1010
Jupiter,Callisto,USAID,S,HTS_TST,2020,230,,,,,
Jupiter,Ganymede,HHS/CDC,Hk,TX_NEW,2019,2030,,,,,
Jupiter,Himalia,USAID,FumlSmkh,HTS_TST,2019,140,310,530,580,1060,2470
Jupiter,Callisto,USAID,Ruhb,TX_CURR,2018,590,,,,,
Jupiter,Callisto,USAID,Ruhb,TX_CURR,2019,,350,390,390,410,410
Jupiter,Callisto,USAID,Ruhb,TX_NEW,2019,20,,,,,
Jupiter,Europa,HHS/CDC,AlfMr,HTS_TST,2018,145880,80240,85970,74010,56060,296270
Jupiter,Europa,HHS/CDC,RsElsAusrls,HTS_TST,2020,9510,4230,,,,4230
Jupiter,Callisto,USAID,Ruhb,TX_NEW,2018,,10,30,20,10,60
Jupiter,Himalia,USAID,AlKlblR,HTS_TST,2018,1680,230,440,300,290,1240
Jupiter,Europa,HHS/CDC,Hk,HTS_TST_POS,2020,750,1750,,,,1750
Jupiter,Callisto,USAID,AlfMr,HTS_TST_POS,2018,1850,600,650,780,500,2510
Jupiter,Callisto,USAID,AlfMr,HTS_TST_POS,2019,1990,620,590,510,410,2110
Jupiter,Callisto,HHS/CDC,Hk,TX_CURR,2019,23230,,,,,
Jupiter,Ganymede,USAID,Ruhb,HTS_TST,2020,,120,,,,120
Jupiter,Ganymede,USAID,Ruhb,HTS_TST_POS,2020,,20,,,,20
Jupiter,Europa,HHS/CDC,AlfMr,TX_NEW,2018,7550,,,,,
Jupiter,Ganymede,USAID,S,TX_CURR,2020,620,,,,,
Jupiter,Himalia,DOD,G,TX_CURR,2018,15410,,,,,
Jupiter,Himalia,USAID,Ruhb,HTS_TST,2018,1740,1000,1050,1340,720,4100
Jupiter,Himalia,USAID,Ruhb,HTS_TST,2019,1440,770,650,610,760,2770
Jupiter,Callisto,HHS/CDC,Hk,HTS_TST,2019,29830,27180,18110,14870,12280,72420
Jupiter,Callisto,HHS/CDC,RsElsAusrls,HTS_TST_POS,2020,270,160,,,,160
Jupiter,Ganymede,HHS/CDC,Alkurh,HTS_TST_POS,2018,930,30,80,90,110,300
Jupiter,Ganymede,HHS/CDC,Alkurh,HTS_TST_POS,2019,220,80,130,80,70,350
Jupiter,Himalia,USAID,AlKlblR,TX_NEW,2018,180,,,,,
Jupiter,Himalia,DOD,G,HTS_TST,2018,40760,12530,14690,10830,17420,55460
Jupiter,Himalia,DOD,G,HTS_TST,2019,29260,12860,11340,12640,14540,51360
Jupiter,Himalia,HHS/CDC,Alkurh,HTS_TST,2018,470,90,100,130,70,370
Jupiter,Himalia,HHS/CDC,Alkurh,HTS_TST,2019,380,90,140,130,160,500
Jupiter,Himalia,USAID,S,HTS_TST,2020,710,,,,,
Jupiter,Europa,HHS/CDC,Hk,HTS_TST,2020,9720,7380,,,,7380
Jupiter,Callisto,USAID,RsElsAusrls,HTS_TST,2020,,10,,,,10
Jupiter,Ganymede,USAID,S,HTS_TST,2020,350,,,,,
Jupiter,Ganymede,HHS/CDC,AlfMr,TX_NEW,2018,,1560,1500,1370,1440,5860
Jupiter,Europa,HHS/CDC,Hk,TX_CURR,2020,35380,34740,,,,34740
Jupiter,Europa,HHS/CDC,Hk,TX_CURR,2019,31650,,,,,
Jupiter,Callisto,HHS/CDC,RsElsAusrls,HTS_TST,2019,,10,590,360,150,1100
Jupiter,Callisto,HHS/CDC,Hk,HTS_TST_POS,2020,1000,1580,,,,1580
Jupiter,Himalia,USAID,FumlSmkh,HTS_TST,2020,1290,1120,,,,1120
Jupiter,Europa,HHS/CDC,Duhr,HTS_TST_POS,2018,,230,140,,,370
Jupiter,Callisto,HHS/CDC,RsElsAusrls,HTS_TST,2018,16080,1590,1640,450,590,4260
Jupiter,Callisto,USAID,AlfMr,HTS_TST_POS,2018,690,40,80,80,90,270
Jupiter,Callisto,USAID,AlfMr,HTS_TST_POS,2019,140,60,70,40,50,210
Jupiter,Callisto,HHS/CDC,RsElsAusrls,HTS_TST,2020,2280,2130,,,,2130
Jupiter,Ganymede,USAID,Ruhb,TX_NEW,2020,,30,,,,30
Jupiter,Ganymede,USAID,Ruhb,HTS_TST_POS,2018,670,70,30,60,70,210
Jupiter,Ganymede,USAID,Ruhb,HTS_TST_POS,2019,20,50,10,10,20,80
Jupiter,Himalia,DOD,G,TX_CURR,2020,17690,14640,,,,14640
Jupiter,Europa,HHS/CDC,Hk,HTS_TST,2019,43170,27160,18960,15190,13920,75230
Jupiter,Europa,HHS/CDC,Hk,TX_CURR,2019,,28620,31210,31800,33260,33260
Jupiter,Callisto,USAID,Ruhb,HTS_TST,2018,19570,910,1640,1120,1040,4690
Jupiter,Callisto,USAID,Ruhb,HTS_TST,2019,1140,1340,1030,470,150,2980
Jupiter,Callisto,HHS/CDC,Hk,HTS_TST_POS,2019,930,1050,840,750,1400,4020
Jupiter,Ganymede,HHS/CDC,RsElsAusrls,HTS_TST_POS,2018,,10,10,50,10,70
Jupiter,Himalia,USAID,FumlSmkh,TX_NEW,2019,80,,,,,
Jupiter,Himalia,DOD,G,HTS_TST_POS,2020,2100,620,,,,620
Jupiter,Europa,HHS/CDC,AlfMr,TX_NEW,2018,,1450,1460,1590,1650,6140
Jupiter,Europa,HHS/CDC,Hk,HTS_TST_POS,2019,1610,1310,1070,1040,1700,5090
Jupiter,Ganymede,HHS/CDC,RsElsAusrls,HTS_TST_POS,2019,,10,20,20,30,60
Jupiter,Ganymede,USAID,Ruhb,TX_CURR,2018,1760,,,,,
Jupiter,Ganymede,USAID,Ruhb,TX_CURR,2019,,780,710,740,750,750
Jupiter,Himalia,USAID,AlKlblR,TX_NEW,2018,,40,40,20,20,100
Jupiter,Himalia,USAID,FumlSmkh,HTS_TST_POS,2020,70,50,,,,50
Jupiter,Himalia,DOD,G,HTS_TST_POS,2018,3300,870,860,760,780,3260
Jupiter,Himalia,DOD,G,HTS_TST,2020,47610,10430,,,,10430
Jupiter,Callisto,USAID,AlfMr,HTS_TST_POS,2020,610,100,,,,100
Jupiter,Callisto,HHS/CDC,Hk,TX_CURR,2020,23310,22640,,,,22640
Jupiter,Himalia,USAID,FumlSmkh,TX_NEW,2019,,10,30,30,50,110
Jupiter,Callisto,USAID,Ruhb,TX_NEW,2018,150,,,,,
Jupiter,Callisto,HHS/CDC,Hk,HTS_TST,2020,11900,6130,,,,6130
Jupiter,Ganymede,USAID,AlfMr,HTS_TST,2020,19830,5050,,,,5050
Jupiter,Himalia,USAID,FumlSmkh,HTS_TST_POS,2019,20,20,40,40,60,150
Jupiter,Himalia,Dedup,Dedup,HTS_TST,2020,-10,,,,,
Jupiter,Himalia,USAID,S,HTS_TST_POS,2020,70,,,,,
Jupiter,Europa,USAID,Ruhb,HTS_TST_POS,2018,430,260,190,140,150,720
Jupiter,Europa,USAID,Ruhb,HTS_TST_POS,2019,100,130,110,90,90,410
Jupiter,Europa,USAID,Ruhb,TX_NEW,2018,,170,140,130,110,540
Jupiter,Europa,USAID,Ruhb,TX_NEW,2019,160,,,,,
Jupiter,Europa,HHS/CDC,AlfMr,HTS_TST_POS,2018,6710,1590,1680,1660,1560,6480
Jupiter,Europa,HHS/CDC,RsElsAusrls,HTS_TST_POS,2020,940,500,,,,500
Jupiter,Ganymede,HHS/CDC,Alkurh,HTS_TST,2018,2470,510,550,560,530,2140
Jupiter,Ganymede,HHS/CDC,Alkurh,HTS_TST,2019,2330,530,660,530,550,2260
Jupiter,Himalia,USAID,AlKlblR,HTS_TST_POS,2018,140,30,20,40,20,100
Jupiter,Himalia,USAID,Ruhb,TX_NEW,2020,,50,,,,50
Jupiter,Europa,USAID,AlfMr,HTS_TST_POS,2018,920,50,120,90,90,330
Jupiter,Europa,USAID,AlfMr,HTS_TST_POS,2019,150,80,80,60,70,280
Jupiter,Ganymede,HHS/CDC,Hk,TX_NEW,2019,,1210,1270,1210,1540,5220
Jupiter,Himalia,USAID,Ruhb,HTS_TST,2020,,760,,,,760
Jupiter,Callisto,USAID,AlfMr,HTS_TST,2020,9550,1880,,,,1880
Jupiter,Callisto,USAID,Ruhb,HTS_TST,2020,,130,,,,130
Jupiter,Callisto,HHS/CDC,Hk,TX_NEW,2020,1950,1920,,,,1920
Jupiter,Ganymede,USAID,Ruhb,TX_CURR,2020,,770,,,,770
Jupiter,Ganymede,HHS/CDC,Hk,TX_CURR,2019,29670,,,,,
Jupiter,Europa,HHS/CDC,Hk,TX_NEW,2019,2110,,,,,
Jupiter,Europa,USAID,S,TX_CURR,2020,1720,,,,,
Jupiter,Callisto,HHS/CDC,AlfMr,TX_NEW,2018,,1140,1250,1160,1070,4610
Jupiter,Callisto,HHS/CDC,Hk,TX_NEW,2019,,1070,1070,980,1580,4670
Jupiter,Callisto,USAID,S,HTS_TST_POS,2020,20,,,,,
Jupiter,Ganymede,USAID,Ruhb,TX_NEW,2018,,50,60,50,50,190
Jupiter,Ganymede,USAID,Ruhb,TX_NEW,2019,40,,,,,
Jupiter,Ganymede,HHS/CDC,AlfMr,TX_CURR,2018,36710,,,,,
Jupiter,Himalia,USAID,FumlSmkh,TX_CURR,2020,1050,890,,,,890
Jupiter,Himalia,USAID,Ruhb,TX_CURR,2019,860,,,,,
Jupiter,Himalia,HHS/CDC,Alkurh,HTS_TST_POS,2018,260,10,10,50,30,80
Jupiter,Himalia,HHS/CDC,Alkurh,HTS_TST_POS,2019,20,30,40,30,40,120
Jupiter,Callisto,HHS/CDC,Hk,TX_CURR,2019,,18630,19800,19930,21120,21120
Jupiter,Ganymede,USAID,S,TX_NEW,2020,60,,,,,
Jupiter,Ganymede,HHS/CDC,RsElsAusrls,HTS_TST_POS,2020,100,40,,,,40
Jupiter,Europa,HHS/CDC,Hk,TX_NEW,2019,,1440,1570,1580,2210,6790
Jupiter,Ganymede,HHS/CDC,RsElsAusrls,HTS_TST,2020,890,530,,,,530
Jupiter,Ganymede,HHS/CDC,AlfMr,HTS_TST,2018,154620,63720,73990,55850,62290,255830
Jupiter,Himalia,USAID,FumlSmkh,TX_NEW,2020,120,40,,,,40
Jupiter,Himalia,DOD,G,TX_NEW,2018,3100,,,,,
Jupiter,Europa,USAID,Ruhb,HTS_TST_POS,2020,,110,,,,110
Jupiter,Callisto,USAID,AlfMr,HTS_TST,2018,61230,13340,22810,18710,12600,67450
Jupiter,Callisto,USAID,AlfMr,HTS_TST,2019,20080,14640,5960,4230,660,25480
Jupiter,Callisto,USAID,Ruhb,TX_CURR,2018,,310,340,350,340,340
Jupiter,Callisto,USAID,Ruhb,TX_CURR,2019,380,,,,,
Jupiter,Callisto,USAID,Ruhb,TX_NEW,2019,,20,30,10,10,60
Jupiter,Ganymede,HHS/CDC,Hk,HTS_TST,2020,17550,5240,,,,5240
Jupiter,Ganymede,HHS/CDC,Hk,HTS_TST_POS,2020,1410,1510,,,,1510
Jupiter,Himalia,USAID,Ruhb,TX_CURR,2018,,720,780,810,830,830
Jupiter,Himalia,USAID,Ruhb,TX_NEW,2018,120,,,,,
Jupiter,Himalia,USAID,Ruhb,TX_NEW,2019,,50,70,70,70,240
Jupiter,Ganymede,USAID,AlfMr,HTS_TST,2018,85460,21620,28860,21110,15610,87190
Jupiter,Ganymede,HHS/CDC,Hk,HTS_TST,2019,31430,33450,18710,13070,12030,77240
Jupiter,Europa,HHS/CDC,AlfMr,TX_CURR,2018,38000,,,,,
Jupiter,Europa,USAID,S,TX_NEW,2020,90,,,,,
Jupiter,Callisto,HHS/CDC,AlfMr,HTS_TST_POS,2018,6180,1190,1280,1230,1120,4820
Jupiter,Himalia,USAID,AlKlblR,TX_CURR,2018,840,,,,,
Jupiter,Himalia,DOD,G,TX_CURR,2019,,12950,13620,14050,14430,14430
Jupiter,Himalia,USAID,Ruhb,TX_CURR,2018,590,,,,,
Jupiter,Himalia,USAID,Ruhb,TX_CURR,2019,,780,790,850,880,880
Jupiter,Europa,USAID,Ruhb,HTS_TST,2020,,1020,,,,1020
Jupiter,Europa,USAID,Ruhb,TX_NEW,2018,310,,,,,
Jupiter,Europa,USAID,AlfMr,HTS_TST,2018,2710,630,660,530,500,2300
Jupiter,Europa,USAID,AlfMr,HTS_TST,2019,2010,580,610,520,480,2170
Jupiter,Europa,USAID,S,HTS_TST,2020,430,,,,,
Jupiter,Callisto,USAID,S,TX_CURR,2020,390,,,,,
Jupiter,Ganymede,HHS/CDC,AlfMr,HTS_TST_POS,2018,8790,1450,1440,1230,1360,5460
Jupiter,Himalia,USAID,FumlSmkh,TX_CURR,2019,,730,830,870,900,900
Jupiter,Himalia,USAID,S,TX_CURR,2020,940,,,,,
Jupiter,Europa,USAID,Ruhb,TX_CURR,2020,,1650,,,,1650
Jupiter,Europa,USAID,Ruhb,TX_CURR,2018,,1590,1610,1650,1610,1610
Jupiter,Europa,USAID,Ruhb,TX_CURR,2019,1530,,,,,
Jupiter,Europa,USAID,Ruhb,TX_NEW,2019,,120,130,140,140,520
Jupiter,Callisto,USAID,Ruhb,HTS_TST_POS,2020,,10,,,,10
Jupiter,Ganymede,USAID,AlfMr,HTS_TST_POS,2020,1400,200,,,,200
Jupiter,Ganymede,USAID,AlfMr,HTS_TST,2019,18470,9690,5660,4280,500,20130
Jupiter,Himalia,USAID,Ruhb,HTS_TST_POS,2020,,80,,,,80
Jupiter,Europa,USAID,Ruhb,HTS_TST,2018,10550,5700,4830,4560,3890,18960
Jupiter,Europa,HHS/CDC,Hk,TX_NEW,2020,1850,2320,,,,2320
Jupiter,Europa,HHS/CDC,Duhr,HTS_TST,2018,,4610,5360,,,9960
Jupiter,Callisto,HHS/CDC,RsElsAusrls,HTS_TST_POS,2018,490,20,40,20,20,90
Jupiter,Callisto,HHS/CDC,RsElsAusrls,HTS_TST_POS,2019,,10,20,20,30,50
Jupiter,Callisto,Dedup,Dedup,HTS_TST,2020,,-10,,,,-10
Jupiter,Callisto,USAID,AlfMr,HTS_TST,2018,2060,420,470,470,470,1810
Jupiter,Callisto,USAID,AlfMr,HTS_TST,2019,1690,410,440,410,350,1600
Jupiter,Callisto,HHS/CDC,AlfMr,HTS_TST,2018,118760,61380,75690,65070,58350,260470
Jupiter,Ganymede,USAID,RsElsAusrls,HTS_TST,2020,,30,,,,30
Jupiter,Ganymede,HHS/CDC,Hk,TX_NEW,2020,2890,1890,,,,1890
Jupiter,Ganymede,USAID,Ruhb,HTS_TST,2018,11730,1740,1910,1780,2330,7750
Jupiter,Himalia,USAID,FumlSmkh,TX_CURR,2019,1240,,,,,
Jupiter,Europa,USAID,Ruhb,HTS_TST,2019,2540,4460,2360,1150,740,8700
Jupiter,Europa,USAID,Ruhb,TX_CURR,2018,1570,,,,,
Jupiter,Europa,USAID,Ruhb,TX_CURR,2019,,1470,1470,1570,1580,1580
Jupiter,Callisto,USAID,Ruhb,HTS_TST_POS,2018,780,20,30,30,20,70
Jupiter,Callisto,USAID,Ruhb,HTS_TST_POS,2019,40,20,20,20,10,60
Jupiter,Callisto,HHS/CDC,AlfMr,TX_CURR,2018,39180,,,,,
Jupiter,Ganymede,USAID,Ruhb,HTS_TST,2019,630,1770,1310,270,170,3510
Jupiter,Ganymede,HHS/CDC,Hk,HTS_TST_POS,2019,880,1100,840,820,1290,4050
Jupiter,Europa,HHS/CDC,RsElsAusrls,HTS_TST_POS,2018,1560,,,370,490,860
Jupiter,Europa,HHS/CDC,RsElsAusrls,HTS_TST_POS,2019,1120,310,360,490,500,1640
Jupiter,Callisto,USAID,Ruhb,TX_CURR,2020,,160,,,,160
Jupiter,Callisto,USAID,Ruhb,TX_NEW,2020,,20,,,,20
Jupiter,Ganymede,HHS/CDC,RsElsAusrls,HTS_TST,2018,,170,310,1000,50,1520
Jupiter,Ganymede,HHS/CDC,RsElsAusrls,HTS_TST,2019,,170,320,200,330,1010
Jupiter,Ganymede,HHS/CDC,Hk,TX_CURR,2019,,22160,24030,24530,25620,25620
Jupiter,Himalia,USAID,S,TX_NEW,2020,90,,,,,
Jupiter,Callisto,HHS/CDC,AlfMr,TX_CURR,2018,,18440,18930,19220,19580,19580
Jupiter,Ganymede,USAID,AlfMr,HTS_TST_POS,2018,1950,720,590,650,600,2530
Jupiter,Ganymede,USAID,AlfMr,HTS_TST_POS,2019,1370,390,520,500,200,1600
Jupiter,Himalia,DOD,G,TX_CURR,2019,16130,,,,,
Jupiter,Himalia,DOD,G,TX_NEW,2019,,540,530,560,550,2160
Jupiter,Himalia,USAID,Ruhb,TX_CURR,2020,,900,,,,900
